id,predicted_state,predicted_intensity,confidence,uncertain_flag,what_to_do,when_to_do
10001,focused,3.0,0.65,0,pause,within_15_min
10002,restless,5.0,0.37,1,pause,within_15_min
10003,focused,3.0,0.42,1,box_breathing,now
10004,focused,4.0,0.81,0,box_breathing,now
10005,calm,3.0,0.49,1,box_breathing,now
10006,mixed,4.0,0.49,1,box_breathing,now
10007,restless,5.0,0.84,0,rest,tonight
10008,overwhelmed,3.0,0.69,0,box_breathing,now
10009,restless,5.0,0.87,0,grounding,within_15_min
10010,overwhelmed,3.0,0.78,0,journaling,tonight
10011,overwhelmed,3.0,0.77,0,movement,within_15_min
10012,calm,4.0,0.56,0,box_breathing,now
10013,mixed,4.0,0.37,1,pause,within_15_min
10014,focused,2.0,0.46,1,box_breathing,now
10015,calm,4.0,0.61,0,box_breathing,now
10016,restless,5.0,0.35,1,pause,within_15_min
10017,mixed,4.0,0.79,0,box_breathing,now
10018,mixed,1.0,0.81,0,box_breathing,now
10019,focused,4.0,0.58,0,box_breathing,now
10020,calm,4.0,0.42,1,box_breathing,now
10021,overwhelmed,3.0,0.79,0,box_breathing,now
10022,calm,1.0,0.76,0,light_planning,later_today
10023,overwhelmed,3.0,0.52,1,box_breathing,now
10024,neutral,1.0,0.73,0,box_breathing,now
10025,calm,5.0,0.63,0,box_breathing,now
10026,overwhelmed,3.0,0.85,0,journaling,tonight
10027,neutral,3.0,0.38,1,pause,within_15_min
10028,calm,2.0,0.34,1,pause,within_15_min
10029,overwhelmed,2.0,0.87,0,box_breathing,now
10030,calm,2.0,0.47,1,rest,tonight
10031,focused,4.0,0.65,0,box_breathing,now
10032,mixed,3.0,0.3,1,pause,within_15_min
10033,overwhelmed,2.0,0.84,0,box_breathing,now
10034,neutral,3.0,0.77,0,box_breathing,now
10035,focused,5.0,0.72,0,box_breathing,now
10036,restless,2.0,0.62,0,grounding,within_15_min
10037,focused,4.0,0.34,1,pause,within_15_min
10038,focused,4.0,0.77,0,box_breathing,now
10039,mixed,2.0,0.9,0,box_breathing,now
10040,mixed,3.0,0.66,0,rest,tonight
10041,overwhelmed,3.0,0.7,0,journaling,tonight
10042,calm,4.0,0.38,1,pause,within_15_min
10043,calm,4.0,0.71,0,box_breathing,now
10044,calm,2.0,0.69,0,light_planning,later_today
10045,restless,4.0,0.81,0,movement,within_15_min
10046,focused,3.0,0.85,0,deep_work,now
10047,focused,4.0,0.51,1,box_breathing,now
10048,calm,4.0,0.48,1,box_breathing,now
10049,restless,3.0,0.63,0,grounding,within_15_min
10050,restless,2.0,0.67,0,grounding,within_15_min
10051,calm,2.0,0.49,1,light_planning,later_today
10052,restless,2.0,0.56,0,grounding,within_15_min
10053,calm,4.0,0.6,0,box_breathing,now
10054,overwhelmed,4.0,0.73,0,box_breathing,now
10055,mixed,2.0,0.88,0,pause,within_15_min
10056,focused,2.0,0.82,0,deep_work,now
10057,overwhelmed,3.0,0.59,0,movement,within_15_min
10058,overwhelmed,4.0,0.65,0,box_breathing,now
10059,mixed,4.0,0.72,0,box_breathing,now
10060,neutral,2.0,0.24,1,pause,within_15_min
10061,neutral,2.0,0.5,1,pause,within_15_min
10062,restless,3.0,0.48,1,grounding,within_15_min
10063,restless,4.0,0.38,1,pause,within_15_min
10064,calm,3.0,0.38,1,pause,within_15_min
10065,neutral,4.0,0.79,0,box_breathing,now
10066,restless,1.0,0.68,0,rest,tonight
10067,restless,2.0,0.72,0,rest,tonight
10068,overwhelmed,4.0,0.84,0,box_breathing,now
10069,neutral,3.0,0.61,0,pause,within_15_min
10070,neutral,3.0,0.5,1,box_breathing,now
10071,mixed,3.0,0.85,0,box_breathing,now
10072,neutral,1.0,0.62,0,box_breathing,now
10073,restless,2.0,0.59,0,rest,tonight
10074,mixed,2.0,0.8,0,box_breathing,now
10075,restless,3.0,0.47,1,grounding,within_15_min
10076,mixed,2.0,0.77,0,box_breathing,now
10077,neutral,4.0,0.82,0,box_breathing,now
10078,restless,4.0,0.83,0,grounding,within_15_min
10079,restless,3.0,0.59,0,rest,tonight
10080,focused,4.0,0.35,1,pause,within_15_min
10081,restless,2.0,0.84,0,rest,tonight
10082,focused,3.0,0.31,1,pause,within_15_min
10083,neutral,5.0,0.74,0,box_breathing,now
10084,overwhelmed,1.0,0.83,0,box_breathing,now
10085,calm,2.0,0.49,1,rest,tonight
10086,restless,3.0,0.62,0,grounding,within_15_min
10087,mixed,3.0,0.82,0,pause,within_15_min
10088,neutral,5.0,0.77,0,box_breathing,now
10089,neutral,3.0,0.54,1,rest,tonight
10090,mixed,3.0,0.75,0,pause,within_15_min
10091,neutral,4.0,0.75,0,box_breathing,now
10092,overwhelmed,2.0,0.67,0,journaling,tonight
10093,mixed,5.0,0.89,0,box_breathing,now
10094,focused,4.0,0.4,1,box_breathing,now
10095,overwhelmed,2.0,0.65,0,journaling,tonight
10096,calm,3.0,0.26,1,pause,within_15_min
10097,calm,2.0,0.24,1,pause,within_15_min
10098,overwhelmed,3.0,0.52,1,box_breathing,now
10099,mixed,3.0,0.56,0,box_breathing,now
10100,mixed,4.0,0.86,0,box_breathing,now
10101,mixed,2.0,0.26,1,pause,within_15_min
10102,overwhelmed,3.0,0.81,0,journaling,tonight
10103,mixed,4.0,0.22,1,pause,within_15_min
10104,mixed,1.0,0.71,0,box_breathing,now
10105,calm,3.0,0.52,1,movement,within_15_min
10106,neutral,3.0,0.78,0,pause,within_15_min
10107,restless,5.0,0.35,1,pause,within_15_min
10108,neutral,3.0,0.39,1,pause,within_15_min
10109,calm,3.0,0.37,1,pause,within_15_min
10110,calm,3.0,0.55,1,box_breathing,now
10111,mixed,4.0,0.54,1,box_breathing,now
10112,mixed,3.0,0.79,0,movement,within_15_min
10113,calm,4.0,0.61,0,box_breathing,now
10114,calm,3.0,0.36,1,pause,within_15_min
10115,calm,3.0,0.39,1,pause,within_15_min
10116,overwhelmed,3.0,0.88,0,journaling,tonight
10117,neutral,5.0,0.34,1,pause,within_15_min
10118,focused,4.0,0.78,0,box_breathing,now
10119,mixed,4.0,0.82,0,box_breathing,now
10120,restless,4.0,0.64,0,grounding,within_15_min
